Unnamed: 0,Дата,Валюта,Покупка,Продажа,Курс,Банк,Индекс
0.0,2024-10-01,USD,86.85,87.35,Наличные,Оптима,
1.0,2024-10-01,KZT,0.116,0.182,Наличные,Оптима,
2.0,2024-10-01,EUR,90.7,91.7,Наличные,Оптима,
3.0,2024-10-01,RUB,0.825,0.855,Наличные,Оптима,
4.0,2024-10-01,USD,86.65,87.05,Безналичные,Оптима,
5.0,2024-10-01,KZT,0.116,0.182,Безналичные,Оптима,
6.0,2024-10-01,EUR,90.7,91.7,Безналичные,Оптима,
7.0,2024-10-01,RUB,0.8,0.88,Безналичные,Оптима,
8.0,2024-10-02,USD,86.85,87.35,Наличные,Оптима,
9.0,2024-10-02,KZT,0.116,0.182,Наличные,Оптима,
10.0,2024-10-02,EUR,90.7,91.7,Наличные,Оптима,
11.0,2024-10-02,RUB,0.825,0.855,Наличные,Оптима,
12.0,2024-10-02,USD,86.65,87.05,Безналичные,Оптима,
13.0,2024-10-02,KZT,0.116,0.182,Безналичные,Оптима,
14.0,2024-10-02,EUR,90.7,91.7,Безналичные,Оптима,
15.0,2024-10-02,RUB,0.8,0.88,Безналичные,Оптима,
16.0,2024-10-03,USD,86.85,87.35,Наличные,Оптима,
17.0,2024-10-03,KZT,0.116,0.182,Наличные,Оптима,
18.0,2024-10-03,EUR,90.7,91.7,Наличные,Оптима,
19.0,2024-10-03,RUB,0.825,0.855,Наличные,Оптима,
20.0,2024-10-03,USD,86.65,87.05,Безналичные,Оптима,
21.0,2024-10-03,KZT,0.116,0.182,Безналичные,Оптима,
22.0,2024-10-03,EUR,90.7,91.7,Безналичные,Оптима,
23.0,2024-10-03,RUB,0.8,0.88,Безналичные,Оптима,
24.0,2024-10-04,USD,86.85,87.35,Наличные,Оптима,
25.0,2024-10-04,KZT,0.116,0.182,Наличные,Оптима,
26.0,2024-10-04,EUR,90.7,91.7,Наличные,Оптима,
27.0,2024-10-04,RUB,0.825,0.855,Наличные,Оптима,
28.0,2024-10-04,USD,86.65,87.05,Безналичные,Оптима,
29.0,2024-10-04,KZT,0.116,0.182,Безналичные,Оптима,
30.0,2024-10-04,EUR,90.7,91.7,Безналичные,Оптима,
31.0,2024-10-04,RUB,0.8,0.88,Безналичные,Оптима,
32.0,2024-10-05,USD,86.85,87.35,Наличные,Оптима,
33.0,2024-10-05,KZT,0.116,0.182,Наличные,Оптима,
34.0,2024-10-05,EUR,90.7,91.7,Наличные,Оптима,
35.0,2024-10-05,RUB,0.825,0.855,Наличные,Оптима,
36.0,2024-10-05,USD,86.65,87.05,Безналичные,Оптима,
37.0,2024-10-05,KZT,0.116,0.182,Безналичные,Оптима,
38.0,2024-10-05,EUR,90.7,91.7,Безналичные,Оптима,
39.0,2024-10-05,RUB,0.8,0.88,Безналичные,Оптима,
40.0,2024-10-06,USD,86.85,87.35,Наличные,Оптима,
41.0,2024-10-06,KZT,0.116,0.182,Наличные,Оптима,
42.0,2024-10-06,EUR,90.7,91.7,Наличные,Оптима,
43.0,2024-10-06,RUB,0.825,0.855,Наличные,Оптима,
44.0,2024-10-06,USD,86.65,87.05,Безналичные,Оптима,
45.0,2024-10-06,KZT,0.116,0.182,Безналичные,Оптима,
46.0,2024-10-06,EUR,90.7,91.7,Безналичные,Оптима,
47.0,2024-10-06,RUB,0.8,0.88,Безналичные,Оптима,
48.0,2024-10-07,USD,86.85,87.35,Наличные,Оптима,
49.0,2024-10-07,KZT,0.116,0.182,Наличные,Оптима,
50.0,2024-10-07,EUR,90.7,91.7,Наличные,Оптима,
51.0,2024-10-07,RUB,0.825,0.855,Наличные,Оптима,
52.0,2024-10-07,USD,86.65,87.05,Безналичные,Оптима,
53.0,2024-10-07,KZT,0.116,0.182,Безналичные,Оптима,
54.0,2024-10-07,EUR,90.7,91.7,Безналичные,Оптима,
55.0,2024-10-07,RUB,0.8,0.88,Безналичные,Оптима,
56.0,2024-10-08,USD,86.85,87.35,Наличные,Оптима,
57.0,2024-10-08,KZT,0.116,0.182,Наличные,Оптима,
58.0,2024-10-08,EUR,90.7,91.7,Наличные,Оптима,
59.0,2024-10-08,RUB,0.825,0.855,Наличные,Оптима,
60.0,2024-10-08,USD,86.65,87.05,Безналичные,Оптима,
61.0,2024-10-08,KZT,0.116,0.182,Безналичные,Оптима,
62.0,2024-10-08,EUR,90.7,91.7,Безналичные,Оптима,
63.0,2024-10-08,RUB,0.8,0.88,Безналичные,Оптима,
64.0,2024-10-09,USD,86.85,87.35,Наличные,Оптима,
65.0,2024-10-09,KZT,0.116,0.182,Наличные,Оптима,
66.0,2024-10-09,EUR,90.7,91.7,Наличные,Оптима,
67.0,2024-10-09,RUB,0.825,0.855,Наличные,Оптима,
68.0,2024-10-09,USD,86.65,87.05,Безналичные,Оптима,
69.0,2024-10-09,KZT,0.116,0.182,Безналичные,Оптима,
70.0,2024-10-09,EUR,90.7,91.7,Безналичные,Оптима,
71.0,2024-10-09,RUB,0.8,0.88,Безналичные,Оптима,
72.0,2024-10-10,USD,86.85,87.35,Наличные,Оптима,
73.0,2024-10-10,KZT,0.116,0.182,Наличные,Оптима,
74.0,2024-10-10,EUR,90.7,91.7,Наличные,Оптима,
75.0,2024-10-10,RUB,0.825,0.855,Наличные,Оптима,
76.0,2024-10-10,USD,86.65,87.05,Безналичные,Оптима,
77.0,2024-10-10,KZT,0.116,0.182,Безналичные,Оптима,
78.0,2024-10-10,EUR,90.7,91.7,Безналичные,Оптима,
79.0,2024-10-10,RUB,0.8,0.88,Безналичные,Оптима,
80.0,2024-10-11,USD,86.85,87.35,Наличные,Оптима,
81.0,2024-10-11,KZT,0.116,0.182,Наличные,Оптима,
82.0,2024-10-11,EUR,90.7,91.7,Наличные,Оптима,
83.0,2024-10-11,RUB,0.825,0.855,Наличные,Оптима,
84.0,2024-10-11,USD,86.65,87.05,Безналичные,Оптима,
85.0,2024-10-11,KZT,0.116,0.182,Безналичные,Оптима,
86.0,2024-10-11,EUR,90.7,91.7,Безналичные,Оптима,
87.0,2024-10-11,RUB,0.8,0.88,Безналичные,Оптима,
88.0,2024-10-12,USD,86.85,87.35,Наличные,Оптима,
89.0,2024-10-12,KZT,0.116,0.182,Наличные,Оптима,
90.0,2024-10-12,EUR,90.7,91.7,Наличные,Оптима,
91.0,2024-10-12,RUB,0.825,0.855,Наличные,Оптима,
92.0,2024-10-12,USD,86.65,87.05,Безналичные,Оптима,
93.0,2024-10-12,KZT,0.116,0.182,Безналичные,Оптима,
94.0,2024-10-12,EUR,90.7,91.7,Безналичные,Оптима,
95.0,2024-10-12,RUB,0.8,0.88,Безналичные,Оптима,
96.0,2024-10-13,USD,86.85,87.35,Наличные,Оптима,
97.0,2024-10-13,KZT,0.116,0.182,Наличные,Оптима,
98.0,2024-10-13,EUR,90.7,91.7,Наличные,Оптима,
99.0,2024-10-13,RUB,0.825,0.855,Наличные,Оптима,
100.0,2024-10-13,USD,86.65,87.05,Безналичные,Оптима,
101.0,2024-10-13,KZT,0.116,0.182,Безналичные,Оптима,
102.0,2024-10-13,EUR,90.7,91.7,Безналичные,Оптима,
103.0,2024-10-13,RUB,0.8,0.88,Безналичные,Оптима,
104.0,2024-10-14,USD,86.85,87.35,Наличные,Оптима,
105.0,2024-10-14,KZT,0.116,0.182,Наличные,Оптима,
106.0,2024-10-14,EUR,90.7,91.7,Наличные,Оптима,
107.0,2024-10-14,RUB,0.825,0.855,Наличные,Оптима,
108.0,2024-10-14,USD,86.65,87.05,Безналичные,Оптима,
109.0,2024-10-14,KZT,0.116,0.182,Безналичные,Оптима,
110.0,2024-10-14,EUR,90.7,91.7,Безналичные,Оптима,
111.0,2024-10-14,RUB,0.8,0.88,Безналичные,Оптима,
112.0,2024-10-15,USD,86.85,87.35,Наличные,Оптима,
113.0,2024-10-15,KZT,0.116,0.182,Наличные,Оптима,
114.0,2024-10-15,EUR,90.7,91.7,Наличные,Оптима,
115.0,2024-10-15,RUB,0.825,0.855,Наличные,Оптима,
116.0,2024-10-15,USD,86.65,87.05,Безналичные,Оптима,
117.0,2024-10-15,KZT,0.116,0.182,Безналичные,Оптима,
118.0,2024-10-15,EUR,90.7,91.7,Безналичные,Оптима,
119.0,2024-10-15,RUB,0.8,0.88,Безналичные,Оптима,
120.0,2024-10-16,USD,86.85,87.35,Наличные,Оптима,
121.0,2024-10-16,KZT,0.116,0.182,Наличные,Оптима,
122.0,2024-10-16,EUR,90.7,91.7,Наличные,Оптима,
123.0,2024-10-16,RUB,0.825,0.855,Наличные,Оптима,
124.0,2024-10-16,USD,86.65,87.05,Безналичные,Оптима,
125.0,2024-10-16,KZT,0.116,0.182,Безналичные,Оптима,
126.0,2024-10-16,EUR,90.7,91.7,Безналичные,Оптима,
127.0,2024-10-16,RUB,0.8,0.88,Безналичные,Оптима,
128.0,2024-10-17,USD,86.85,87.35,Наличные,Оптима,
129.0,2024-10-17,KZT,0.116,0.182,Наличные,Оптима,
130.0,2024-10-17,EUR,90.7,91.7,Наличные,Оптима,
131.0,2024-10-17,RUB,0.825,0.855,Наличные,Оптима,
132.0,2024-10-17,USD,86.65,87.05,Безналичные,Оптима,
133.0,2024-10-17,KZT,0.116,0.182,Безналичные,Оптима,
134.0,2024-10-17,EUR,90.7,91.7,Безналичные,Оптима,
135.0,2024-10-17,RUB,0.8,0.88,Безналичные,Оптима,
136.0,2024-10-18,USD,86.85,87.35,Наличные,Оптима,
137.0,2024-10-18,KZT,0.116,0.182,Наличные,Оптима,
138.0,2024-10-18,EUR,90.7,91.7,Наличные,Оптима,
139.0,2024-10-18,RUB,0.825,0.855,Наличные,Оптима,
140.0,2024-10-18,USD,86.65,87.05,Безналичные,Оптима,
141.0,2024-10-18,KZT,0.116,0.182,Безналичные,Оптима,
142.0,2024-10-18,EUR,90.7,91.7,Безналичные,Оптима,
143.0,2024-10-18,RUB,0.8,0.88,Безналичные,Оптима,
144.0,2024-10-19,USD,86.85,87.35,Наличные,Оптима,
145.0,2024-10-19,KZT,0.116,0.182,Наличные,Оптима,
146.0,2024-10-19,EUR,90.7,91.7,Наличные,Оптима,
147.0,2024-10-19,RUB,0.825,0.855,Наличные,Оптима,
148.0,2024-10-19,USD,86.65,87.05,Безналичные,Оптима,
149.0,2024-10-19,KZT,0.116,0.182,Безналичные,Оптима,
150.0,2024-10-19,EUR,90.7,91.7,Безналичные,Оптима,
151.0,2024-10-19,RUB,0.8,0.88,Безналичные,Оптима,
152.0,2024-10-20,USD,86.85,87.35,Наличные,Оптима,
153.0,2024-10-20,KZT,0.116,0.182,Наличные,Оптима,
154.0,2024-10-20,EUR,90.7,91.7,Наличные,Оптима,
155.0,2024-10-20,RUB,0.825,0.855,Наличные,Оптима,
156.0,2024-10-20,USD,86.65,87.05,Безналичные,Оптима,
157.0,2024-10-20,KZT,0.116,0.182,Безналичные,Оптима,
158.0,2024-10-20,EUR,90.7,91.7,Безналичные,Оптима,
159.0,2024-10-20,RUB,0.8,0.88,Безналичные,Оптима,
160.0,2024-10-21,USD,86.85,87.35,Наличные,Оптима,
161.0,2024-10-21,KZT,0.116,0.182,Наличные,Оптима,
162.0,2024-10-21,EUR,90.7,91.7,Наличные,Оптима,
163.0,2024-10-21,RUB,0.825,0.855,Наличные,Оптима,
164.0,2024-10-21,USD,86.65,87.05,Безналичные,Оптима,
165.0,2024-10-21,KZT,0.116,0.182,Безналичные,Оптима,
166.0,2024-10-21,EUR,90.7,91.7,Безналичные,Оптима,
167.0,2024-10-21,RUB,0.8,0.88,Безналичные,Оптима,
168.0,2024-10-22,USD,86.85,87.35,Наличные,Оптима,
169.0,2024-10-22,KZT,0.116,0.182,Наличные,Оптима,
170.0,2024-10-22,EUR,90.7,91.7,Наличные,Оптима,
171.0,2024-10-22,RUB,0.825,0.855,Наличные,Оптима,
172.0,2024-10-22,USD,86.65,87.05,Безналичные,Оптима,
173.0,2024-10-22,KZT,0.116,0.182,Безналичные,Оптима,
174.0,2024-10-22,EUR,90.7,91.7,Безналичные,Оптима,
175.0,2024-10-22,RUB,0.8,0.88,Безналичные,Оптима,
176.0,2024-10-23,USD,86.85,87.35,Наличные,Оптима,
177.0,2024-10-23,KZT,0.116,0.182,Наличные,Оптима,
178.0,2024-10-23,EUR,90.7,91.7,Наличные,Оптима,
179.0,2024-10-23,RUB,0.825,0.855,Наличные,Оптима,
180.0,2024-10-23,USD,86.65,87.05,Безналичные,Оптима,
181.0,2024-10-23,KZT,0.116,0.182,Безналичные,Оптима,
182.0,2024-10-23,EUR,90.7,91.7,Безналичные,Оптима,
183.0,2024-10-23,RUB,0.8,0.88,Безналичные,Оптима,
184.0,2024-10-24,USD,86.85,87.35,Наличные,Оптима,
185.0,2024-10-24,KZT,0.116,0.182,Наличные,Оптима,
186.0,2024-10-24,EUR,90.7,91.7,Наличные,Оптима,
187.0,2024-10-24,RUB,0.825,0.855,Наличные,Оптима,
188.0,2024-10-24,USD,86.65,87.05,Безналичные,Оптима,
189.0,2024-10-24,KZT,0.116,0.182,Безналичные,Оптима,
190.0,2024-10-24,EUR,90.7,91.7,Безналичные,Оптима,
191.0,2024-10-24,RUB,0.8,0.88,Безналичные,Оптима,
192.0,2024-10-25,USD,86.85,87.35,Наличные,Оптима,
193.0,2024-10-25,KZT,0.116,0.182,Наличные,Оптима,
194.0,2024-10-25,EUR,90.7,91.7,Наличные,Оптима,
195.0,2024-10-25,RUB,0.825,0.855,Наличные,Оптима,
196.0,2024-10-25,USD,86.65,87.05,Безналичные,Оптима,
197.0,2024-10-25,KZT,0.116,0.182,Безналичные,Оптима,
198.0,2024-10-25,EUR,90.7,91.7,Безналичные,Оптима,
199.0,2024-10-25,RUB,0.8,0.88,Безналичные,Оптима,
200.0,2024-10-26,USD,86.85,87.35,Наличные,Оптима,
201.0,2024-10-26,KZT,0.116,0.182,Наличные,Оптима,
202.0,2024-10-26,EUR,90.7,91.7,Наличные,Оптима,
203.0,2024-10-26,RUB,0.825,0.855,Наличные,Оптима,
204.0,2024-10-26,USD,86.65,87.05,Безналичные,Оптима,
205.0,2024-10-26,KZT,0.116,0.182,Безналичные,Оптима,
206.0,2024-10-26,EUR,90.7,91.7,Безналичные,Оптима,
207.0,2024-10-26,RUB,0.8,0.88,Безналичные,Оптима,
208.0,2024-10-27,USD,86.85,87.35,Наличные,Оптима,
209.0,2024-10-27,KZT,0.116,0.182,Наличные,Оптима,
210.0,2024-10-27,EUR,90.7,91.7,Наличные,Оптима,
211.0,2024-10-27,RUB,0.825,0.855,Наличные,Оптима,
212.0,2024-10-27,USD,86.65,87.05,Безналичные,Оптима,
213.0,2024-10-27,KZT,0.116,0.182,Безналичные,Оптима,
214.0,2024-10-27,EUR,90.7,91.7,Безналичные,Оптима,
215.0,2024-10-27,RUB,0.8,0.88,Безналичные,Оптима,
216.0,2024-10-28,USD,86.85,87.35,Наличные,Оптима,
217.0,2024-10-28,KZT,0.116,0.182,Наличные,Оптима,
218.0,2024-10-28,EUR,90.7,91.7,Наличные,Оптима,
219.0,2024-10-28,RUB,0.825,0.855,Наличные,Оптима,
220.0,2024-10-28,USD,86.65,87.05,Безналичные,Оптима,
221.0,2024-10-28,KZT,0.116,0.182,Безналичные,Оптима,
222.0,2024-10-28,EUR,90.7,91.7,Безналичные,Оптима,
223.0,2024-10-28,RUB,0.8,0.88,Безналичные,Оптима,
224.0,2024-10-29,USD,86.85,87.35,Наличные,Оптима,
225.0,2024-10-29,KZT,0.116,0.182,Наличные,Оптима,
226.0,2024-10-29,EUR,90.7,91.7,Наличные,Оптима,
227.0,2024-10-29,RUB,0.825,0.855,Наличные,Оптима,
228.0,2024-10-29,USD,86.65,87.05,Безналичные,Оптима,
229.0,2024-10-29,KZT,0.116,0.182,Безналичные,Оптима,
230.0,2024-10-29,EUR,90.7,91.7,Безналичные,Оптима,
231.0,2024-10-29,RUB,0.8,0.88,Безналичные,Оптима,
232.0,2024-10-30,USD,86.85,87.35,Наличные,Оптима,
233.0,2024-10-30,KZT,0.116,0.182,Наличные,Оптима,
234.0,2024-10-30,EUR,90.7,91.7,Наличные,Оптима,
235.0,2024-10-30,RUB,0.825,0.855,Наличные,Оптима,
236.0,2024-10-30,USD,86.65,87.05,Безналичные,Оптима,
237.0,2024-10-30,KZT,0.116,0.182,Безналичные,Оптима,
238.0,2024-10-30,EUR,90.7,91.7,Безналичные,Оптима,
239.0,2024-10-30,RUB,0.8,0.88,Безналичные,Оптима,
240.0,2024-10-31,USD,86.85,87.35,Наличные,Оптима,
241.0,2024-10-31,KZT,0.116,0.182,Наличные,Оптима,
242.0,2024-10-31,EUR,90.7,91.7,Наличные,Оптима,
243.0,2024-10-31,RUB,0.825,0.855,Наличные,Оптима,
244.0,2024-10-31,USD,86.65,87.05,Безналичные,Оптима,
245.0,2024-10-31,KZT,0.116,0.182,Безналичные,Оптима,
246.0,2024-10-31,EUR,90.7,91.7,Безналичные,Оптима,
247.0,2024-10-31,RUB,0.8,0.88,Безналичные,Оптима,
248.0,2024-11-01,USD,86.85,87.35,Наличные,Оптима,
249.0,2024-11-01,KZT,0.116,0.182,Наличные,Оптима,
250.0,2024-11-01,EUR,90.7,91.7,Наличные,Оптима,
251.0,2024-11-01,RUB,0.825,0.855,Наличные,Оптима,
252.0,2024-11-01,USD,86.65,87.05,Безналичные,Оптима,
253.0,2024-11-01,KZT,0.116,0.182,Безналичные,Оптима,
254.0,2024-11-01,EUR,90.7,91.7,Безналичные,Оптима,
255.0,2024-11-01,RUB,0.8,0.88,Безналичные,Оптима,
256.0,2024-11-02,USD,86.85,87.35,Наличные,Оптима,
257.0,2024-11-02,KZT,0.116,0.182,Наличные,Оптима,
258.0,2024-11-02,EUR,90.7,91.7,Наличные,Оптима,
259.0,2024-11-02,RUB,0.825,0.855,Наличные,Оптима,
260.0,2024-11-02,USD,86.65,87.05,Безналичные,Оптима,
261.0,2024-11-02,KZT,0.116,0.182,Безналичные,Оптима,
262.0,2024-11-02,EUR,90.7,91.7,Безналичные,Оптима,
263.0,2024-11-02,RUB,0.8,0.88,Безналичные,Оптима,
264.0,2024-11-03,USD,86.85,87.35,Наличные,Оптима,
265.0,2024-11-03,KZT,0.116,0.182,Наличные,Оптима,
266.0,2024-11-03,EUR,90.7,91.7,Наличные,Оптима,
267.0,2024-11-03,RUB,0.825,0.855,Наличные,Оптима,
268.0,2024-11-03,USD,86.65,87.05,Безналичные,Оптима,
269.0,2024-11-03,KZT,0.116,0.182,Безналичные,Оптима,
270.0,2024-11-03,EUR,90.7,91.7,Безналичные,Оптима,
271.0,2024-11-03,RUB,0.8,0.88,Безналичные,Оптима,
272.0,2024-11-04,USD,86.85,87.35,Наличные,Оптима,
273.0,2024-11-04,KZT,0.116,0.182,Наличные,Оптима,
274.0,2024-11-04,EUR,90.7,91.7,Наличные,Оптима,
275.0,2024-11-04,RUB,0.825,0.855,Наличные,Оптима,
276.0,2024-11-04,USD,86.65,87.05,Безналичные,Оптима,
277.0,2024-11-04,KZT,0.116,0.182,Безналичные,Оптима,
278.0,2024-11-04,EUR,90.7,91.7,Безналичные,Оптима,
279.0,2024-11-04,RUB,0.8,0.88,Безналичные,Оптима,
280.0,2024-11-05,USD,86.85,87.35,Наличные,Оптима,
281.0,2024-11-05,KZT,0.116,0.182,Наличные,Оптима,
282.0,2024-11-05,EUR,90.7,91.7,Наличные,Оптима,
283.0,2024-11-05,RUB,0.825,0.855,Наличные,Оптима,
284.0,2024-11-05,USD,86.65,87.05,Безналичные,Оптима,
285.0,2024-11-05,KZT,0.116,0.182,Безналичные,Оптима,
286.0,2024-11-05,EUR,90.7,91.7,Безналичные,Оптима,
287.0,2024-11-05,RUB,0.8,0.88,Безналичные,Оптима,
288.0,2024-11-06,USD,86.85,87.35,Наличные,Оптима,
289.0,2024-11-06,KZT,0.116,0.182,Наличные,Оптима,
290.0,2024-11-06,EUR,90.7,91.7,Наличные,Оптима,
291.0,2024-11-06,RUB,0.825,0.855,Наличные,Оптима,
292.0,2024-11-06,USD,86.65,87.05,Безналичные,Оптима,
293.0,2024-11-06,KZT,0.116,0.182,Безналичные,Оптима,
294.0,2024-11-06,EUR,90.7,91.7,Безналичные,Оптима,
295.0,2024-11-06,RUB,0.8,0.88,Безналичные,Оптима,
296.0,2024-11-07,USD,86.85,87.35,Наличные,Оптима,
297.0,2024-11-07,KZT,0.116,0.182,Наличные,Оптима,
298.0,2024-11-07,EUR,90.7,91.7,Наличные,Оптима,
299.0,2024-11-07,RUB,0.825,0.855,Наличные,Оптима,
300.0,2024-11-07,USD,86.65,87.05,Безналичные,Оптима,
301.0,2024-11-07,KZT,0.116,0.182,Безналичные,Оптима,
302.0,2024-11-07,EUR,90.7,91.7,Безналичные,Оптима,
303.0,2024-11-07,RUB,0.8,0.88,Безналичные,Оптима,
304.0,2024-11-08,USD,86.85,87.35,Наличные,Оптима,
305.0,2024-11-08,KZT,0.116,0.182,Наличные,Оптима,
306.0,2024-11-08,EUR,90.7,91.7,Наличные,Оптима,
307.0,2024-11-08,RUB,0.825,0.855,Наличные,Оптима,
308.0,2024-11-08,USD,86.65,87.05,Безналичные,Оптима,
309.0,2024-11-08,KZT,0.116,0.182,Безналичные,Оптима,
310.0,2024-11-08,EUR,90.7,91.7,Безналичные,Оптима,
311.0,2024-11-08,RUB,0.8,0.88,Безналичные,Оптима,
312.0,2024-11-09,USD,86.85,87.35,Наличные,Оптима,
313.0,2024-11-09,KZT,0.116,0.182,Наличные,Оптима,
314.0,2024-11-09,EUR,90.7,91.7,Наличные,Оптима,
315.0,2024-11-09,RUB,0.825,0.855,Наличные,Оптима,
316.0,2024-11-09,USD,86.65,87.05,Безналичные,Оптима,
317.0,2024-11-09,KZT,0.116,0.182,Безналичные,Оптима,
318.0,2024-11-09,EUR,90.7,91.7,Безналичные,Оптима,
319.0,2024-11-09,RUB,0.8,0.88,Безналичные,Оптима,
320.0,2024-11-10,USD,86.85,87.35,Наличные,Оптима,
321.0,2024-11-10,KZT,0.116,0.182,Наличные,Оптима,
322.0,2024-11-10,EUR,90.7,91.7,Наличные,Оптима,
323.0,2024-11-10,RUB,0.825,0.855,Наличные,Оптима,
324.0,2024-11-10,USD,86.65,87.05,Безналичные,Оптима,
325.0,2024-11-10,KZT,0.116,0.182,Безналичные,Оптима,
326.0,2024-11-10,EUR,90.7,91.7,Безналичные,Оптима,
327.0,2024-11-10,RUB,0.8,0.88,Безналичные,Оптима,
328.0,2024-11-11,USD,86.85,87.35,Наличные,Оптима,
329.0,2024-11-11,KZT,0.116,0.182,Наличные,Оптима,
330.0,2024-11-11,EUR,90.7,91.7,Наличные,Оптима,
331.0,2024-11-11,RUB,0.825,0.855,Наличные,Оптима,
332.0,2024-11-11,USD,86.65,87.05,Безналичные,Оптима,
333.0,2024-11-11,KZT,0.116,0.182,Безналичные,Оптима,
334.0,2024-11-11,EUR,90.7,91.7,Безналичные,Оптима,
335.0,2024-11-11,RUB,0.8,0.88,Безналичные,Оптима,
336.0,2024-11-12,USD,86.85,87.35,Наличные,Оптима,
337.0,2024-11-12,KZT,0.116,0.182,Наличные,Оптима,
338.0,2024-11-12,EUR,90.7,91.7,Наличные,Оптима,
339.0,2024-11-12,RUB,0.825,0.855,Наличные,Оптима,
340.0,2024-11-12,USD,86.65,87.05,Безналичные,Оптима,
341.0,2024-11-12,KZT,0.116,0.182,Безналичные,Оптима,
342.0,2024-11-12,EUR,90.7,91.7,Безналичные,Оптима,
343.0,2024-11-12,RUB,0.8,0.88,Безналичные,Оптима,
344.0,2024-11-13,USD,86.85,87.35,Наличные,Оптима,
345.0,2024-11-13,KZT,0.116,0.182,Наличные,Оптима,
346.0,2024-11-13,EUR,90.7,91.7,Наличные,Оптима,
347.0,2024-11-13,RUB,0.825,0.855,Наличные,Оптима,
348.0,2024-11-13,USD,86.65,87.05,Безналичные,Оптима,
349.0,2024-11-13,KZT,0.116,0.182,Безналичные,Оптима,
350.0,2024-11-13,EUR,90.7,91.7,Безналичные,Оптима,
351.0,2024-11-13,RUB,0.8,0.88,Безналичные,Оптима,
352.0,2024-11-14,USD,86.85,87.35,Наличные,Оптима,
353.0,2024-11-14,KZT,0.116,0.182,Наличные,Оптима,
354.0,2024-11-14,EUR,90.7,91.7,Наличные,Оптима,
355.0,2024-11-14,RUB,0.825,0.855,Наличные,Оптима,
356.0,2024-11-14,USD,86.65,87.05,Безналичные,Оптима,
357.0,2024-11-14,KZT,0.116,0.182,Безналичные,Оптима,
358.0,2024-11-14,EUR,90.7,91.7,Безналичные,Оптима,
359.0,2024-11-14,RUB,0.8,0.88,Безналичные,Оптима,
360.0,2024-11-15,USD,86.85,87.35,Наличные,Оптима,
361.0,2024-11-15,KZT,0.116,0.182,Наличные,Оптима,
362.0,2024-11-15,EUR,90.7,91.7,Наличные,Оптима,
363.0,2024-11-15,RUB,0.825,0.855,Наличные,Оптима,
364.0,2024-11-15,USD,86.65,87.05,Безналичные,Оптима,
365.0,2024-11-15,KZT,0.116,0.182,Безналичные,Оптима,
366.0,2024-11-15,EUR,90.7,91.7,Безналичные,Оптима,
367.0,2024-11-15,RUB,0.8,0.88,Безналичные,Оптима,
368.0,2024-11-16,USD,86.85,87.35,Наличные,Оптима,
369.0,2024-11-16,KZT,0.116,0.182,Наличные,Оптима,
370.0,2024-11-16,EUR,90.7,91.7,Наличные,Оптима,
371.0,2024-11-16,RUB,0.825,0.855,Наличные,Оптима,
372.0,2024-11-16,USD,86.65,87.05,Безналичные,Оптима,
373.0,2024-11-16,KZT,0.116,0.182,Безналичные,Оптима,
374.0,2024-11-16,EUR,90.7,91.7,Безналичные,Оптима,
375.0,2024-11-16,RUB,0.8,0.88,Безналичные,Оптима,
376.0,2024-11-17,USD,86.85,87.35,Наличные,Оптима,
377.0,2024-11-17,KZT,0.116,0.182,Наличные,Оптима,
378.0,2024-11-17,EUR,90.7,91.7,Наличные,Оптима,
379.0,2024-11-17,RUB,0.825,0.855,Наличные,Оптима,
380.0,2024-11-17,USD,86.65,87.05,Безналичные,Оптима,
381.0,2024-11-17,KZT,0.116,0.182,Безналичные,Оптима,
382.0,2024-11-17,EUR,90.7,91.7,Безналичные,Оптима,
383.0,2024-11-17,RUB,0.8,0.88,Безналичные,Оптима,
384.0,2024-11-18,USD,86.85,87.35,Наличные,Оптима,
385.0,2024-11-18,KZT,0.116,0.182,Наличные,Оптима,
386.0,2024-11-18,EUR,90.7,91.7,Наличные,Оптима,
387.0,2024-11-18,RUB,0.825,0.855,Наличные,Оптима,
388.0,2024-11-18,USD,86.65,87.05,Безналичные,Оптима,
389.0,2024-11-18,KZT,0.116,0.182,Безналичные,Оптима,
390.0,2024-11-18,EUR,90.7,91.7,Безналичные,Оптима,
391.0,2024-11-18,RUB,0.8,0.88,Безналичные,Оптима,
392.0,2024-11-19,USD,86.85,87.35,Наличные,Оптима,
393.0,2024-11-19,KZT,0.116,0.182,Наличные,Оптима,
394.0,2024-11-19,EUR,90.7,91.7,Наличные,Оптима,
395.0,2024-11-19,RUB,0.825,0.855,Наличные,Оптима,
396.0,2024-11-19,USD,86.65,87.05,Безналичные,Оптима,
397.0,2024-11-19,KZT,0.116,0.182,Безналичные,Оптима,
398.0,2024-11-19,EUR,90.7,91.7,Безналичные,Оптима,
399.0,2024-11-19,RUB,0.8,0.88,Безналичные,Оптима,
400.0,2024-11-20,USD,86.85,87.35,Наличные,Оптима,
401.0,2024-11-20,KZT,0.116,0.182,Наличные,Оптима,
402.0,2024-11-20,EUR,90.7,91.7,Наличные,Оптима,
403.0,2024-11-20,RUB,0.825,0.855,Наличные,Оптима,
404.0,2024-11-20,USD,86.65,87.05,Безналичные,Оптима,
405.0,2024-11-20,KZT,0.116,0.182,Безналичные,Оптима,
406.0,2024-11-20,EUR,90.7,91.7,Безналичные,Оптима,
407.0,2024-11-20,RUB,0.8,0.88,Безналичные,Оптима,
408.0,2024-11-21,USD,86.85,87.35,Наличные,Оптима,
409.0,2024-11-21,KZT,0.116,0.182,Наличные,Оптима,
410.0,2024-11-21,EUR,90.7,91.7,Наличные,Оптима,
411.0,2024-11-21,RUB,0.825,0.855,Наличные,Оптима,
412.0,2024-11-21,USD,86.65,87.05,Безналичные,Оптима,
413.0,2024-11-21,KZT,0.116,0.182,Безналичные,Оптима,
414.0,2024-11-21,EUR,90.7,91.7,Безналичные,Оптима,
415.0,2024-11-21,RUB,0.8,0.88,Безналичные,Оптима,
416.0,2024-11-22,USD,86.85,87.35,Наличные,Оптима,
417.0,2024-11-22,KZT,0.116,0.182,Наличные,Оптима,
418.0,2024-11-22,EUR,90.7,91.7,Наличные,Оптима,
419.0,2024-11-22,RUB,0.825,0.855,Наличные,Оптима,
420.0,2024-11-22,USD,86.65,87.05,Безналичные,Оптима,
421.0,2024-11-22,KZT,0.116,0.182,Безналичные,Оптима,
422.0,2024-11-22,EUR,90.7,91.7,Безналичные,Оптима,
423.0,2024-11-22,RUB,0.8,0.88,Безналичные,Оптима,
424.0,2024-11-23,USD,86.85,87.35,Наличные,Оптима,
425.0,2024-11-23,KZT,0.116,0.182,Наличные,Оптима,
426.0,2024-11-23,EUR,90.7,91.7,Наличные,Оптима,
427.0,2024-11-23,RUB,0.825,0.855,Наличные,Оптима,
428.0,2024-11-23,USD,86.65,87.05,Безналичные,Оптима,
429.0,2024-11-23,KZT,0.116,0.182,Безналичные,Оптима,
430.0,2024-11-23,EUR,90.7,91.7,Безналичные,Оптима,
431.0,2024-11-23,RUB,0.8,0.88,Безналичные,Оптима,
432.0,2024-11-24,USD,86.85,87.35,Наличные,Оптима,
433.0,2024-11-24,KZT,0.116,0.182,Наличные,Оптима,
434.0,2024-11-24,EUR,90.7,91.7,Наличные,Оптима,
435.0,2024-11-24,RUB,0.825,0.855,Наличные,Оптима,
436.0,2024-11-24,USD,86.65,87.05,Безналичные,Оптима,
437.0,2024-11-24,KZT,0.116,0.182,Безналичные,Оптима,
438.0,2024-11-24,EUR,90.7,91.7,Безналичные,Оптима,
439.0,2024-11-24,RUB,0.8,0.88,Безналичные,Оптима,
440.0,2024-11-25,USD,86.85,87.35,Наличные,Оптима,
441.0,2024-11-25,KZT,0.116,0.182,Наличные,Оптима,
442.0,2024-11-25,EUR,90.7,91.7,Наличные,Оптима,
443.0,2024-11-25,RUB,0.825,0.855,Наличные,Оптима,
444.0,2024-11-25,USD,86.65,87.05,Безналичные,Оптима,
445.0,2024-11-25,KZT,0.116,0.182,Безналичные,Оптима,
446.0,2024-11-25,EUR,90.7,91.7,Безналичные,Оптима,
447.0,2024-11-25,RUB,0.8,0.88,Безналичные,Оптима,
448.0,2024-11-26,USD,86.85,87.35,Наличные,Оптима,
449.0,2024-11-26,KZT,0.116,0.182,Наличные,Оптима,
450.0,2024-11-26,EUR,90.7,91.7,Наличные,Оптима,
451.0,2024-11-26,RUB,0.825,0.855,Наличные,Оптима,
452.0,2024-11-26,USD,86.65,87.05,Безналичные,Оптима,
453.0,2024-11-26,KZT,0.116,0.182,Безналичные,Оптима,
454.0,2024-11-26,EUR,90.7,91.7,Безналичные,Оптима,
455.0,2024-11-26,RUB,0.8,0.88,Безналичные,Оптима,
456.0,2024-11-27,USD,86.85,87.35,Наличные,Оптима,
457.0,2024-11-27,KZT,0.116,0.182,Наличные,Оптима,
458.0,2024-11-27,EUR,90.7,91.7,Наличные,Оптима,
459.0,2024-11-27,RUB,0.825,0.855,Наличные,Оптима,
460.0,2024-11-27,USD,86.65,87.05,Безналичные,Оптима,
461.0,2024-11-27,KZT,0.116,0.182,Безналичные,Оптима,
462.0,2024-11-27,EUR,90.7,91.7,Безналичные,Оптима,
463.0,2024-11-27,RUB,0.8,0.88,Безналичные,Оптима,
464.0,2024-11-28,USD,86.85,87.35,Наличные,Оптима,
465.0,2024-11-28,KZT,0.116,0.182,Наличные,Оптима,
466.0,2024-11-28,EUR,90.7,91.7,Наличные,Оптима,
467.0,2024-11-28,RUB,0.825,0.855,Наличные,Оптима,
468.0,2024-11-28,USD,86.65,87.05,Безналичные,Оптима,
469.0,2024-11-28,KZT,0.116,0.182,Безналичные,Оптима,
470.0,2024-11-28,EUR,90.7,91.7,Безналичные,Оптима,
471.0,2024-11-28,RUB,0.8,0.88,Безналичные,Оптима,
472.0,2024-11-29,USD,86.85,87.35,Наличные,Оптима,
473.0,2024-11-29,KZT,0.116,0.182,Наличные,Оптима,
474.0,2024-11-29,EUR,90.7,91.7,Наличные,Оптима,
475.0,2024-11-29,RUB,0.825,0.855,Наличные,Оптима,
476.0,2024-11-29,USD,86.65,87.05,Безналичные,Оптима,
477.0,2024-11-29,KZT,0.116,0.182,Безналичные,Оптима,
478.0,2024-11-29,EUR,90.7,91.7,Безналичные,Оптима,
479.0,2024-11-29,RUB,0.8,0.88,Безналичные,Оптима,
480.0,2024-11-30,USD,86.85,87.35,Наличные,Оптима,
481.0,2024-11-30,KZT,0.116,0.182,Наличные,Оптима,
482.0,2024-11-30,EUR,90.7,91.7,Наличные,Оптима,
483.0,2024-11-30,RUB,0.825,0.855,Наличные,Оптима,
484.0,2024-11-30,USD,86.65,87.05,Безналичные,Оптима,
485.0,2024-11-30,KZT,0.116,0.182,Безналичные,Оптима,
486.0,2024-11-30,EUR,90.7,91.7,Безналичные,Оптима,
487.0,2024-11-30,RUB,0.8,0.88,Безналичные,Оптима,
488.0,2024-12-01,USD,86.85,87.35,Наличные,Оптима,
489.0,2024-12-01,KZT,0.116,0.182,Наличные,Оптима,
490.0,2024-12-01,EUR,90.7,91.7,Наличные,Оптима,
491.0,2024-12-01,RUB,0.825,0.855,Наличные,Оптима,
492.0,2024-12-01,USD,86.65,87.05,Безналичные,Оптима,
493.0,2024-12-01,KZT,0.116,0.182,Безналичные,Оптима,
494.0,2024-12-01,EUR,90.7,91.7,Безналичные,Оптима,
495.0,2024-12-01,RUB,0.8,0.88,Безналичные,Оптима,
496.0,2024-12-02,USD,86.85,87.35,Наличные,Оптима,
497.0,2024-12-02,KZT,0.116,0.182,Наличные,Оптима,
498.0,2024-12-02,EUR,90.7,91.7,Наличные,Оптима,
499.0,2024-12-02,RUB,0.825,0.855,Наличные,Оптима,
500.0,2024-12-02,USD,86.65,87.05,Безналичные,Оптима,
501.0,2024-12-02,KZT,0.116,0.182,Безналичные,Оптима,
502.0,2024-12-02,EUR,90.7,91.7,Безналичные,Оптима,
503.0,2024-12-02,RUB,0.8,0.88,Безналичные,Оптима,
504.0,2024-12-03,USD,86.85,87.35,Наличные,Оптима,
505.0,2024-12-03,KZT,0.116,0.182,Наличные,Оптима,
506.0,2024-12-03,EUR,90.7,91.7,Наличные,Оптима,
507.0,2024-12-03,RUB,0.825,0.855,Наличные,Оптима,
508.0,2024-12-03,USD,86.65,87.05,Безналичные,Оптима,
509.0,2024-12-03,KZT,0.116,0.182,Безналичные,Оптима,
510.0,2024-12-03,EUR,90.7,91.7,Безналичные,Оптима,
511.0,2024-12-03,RUB,0.8,0.88,Безналичные,Оптима,
512.0,2024-12-04,USD,86.85,87.35,Наличные,Оптима,
513.0,2024-12-04,KZT,0.116,0.182,Наличные,Оптима,
514.0,2024-12-04,EUR,90.7,91.7,Наличные,Оптима,
515.0,2024-12-04,RUB,0.825,0.855,Наличные,Оптима,
516.0,2024-12-04,USD,86.65,87.05,Безналичные,Оптима,
517.0,2024-12-04,KZT,0.116,0.182,Безналичные,Оптима,
518.0,2024-12-04,EUR,90.7,91.7,Безналичные,Оптима,
519.0,2024-12-04,RUB,0.8,0.88,Безналичные,Оптима,
520.0,2024-12-05,USD,86.85,87.35,Наличные,Оптима,
521.0,2024-12-05,KZT,0.116,0.182,Наличные,Оптима,
522.0,2024-12-05,EUR,90.7,91.7,Наличные,Оптима,
523.0,2024-12-05,RUB,0.825,0.855,Наличные,Оптима,
524.0,2024-12-05,USD,86.65,87.05,Безналичные,Оптима,
525.0,2024-12-05,KZT,0.116,0.182,Безналичные,Оптима,
526.0,2024-12-05,EUR,90.7,91.7,Безналичные,Оптима,
527.0,2024-12-05,RUB,0.8,0.88,Безналичные,Оптима,
528.0,2024-12-06,USD,86.85,87.35,Наличные,Оптима,
529.0,2024-12-06,KZT,0.116,0.182,Наличные,Оптима,
530.0,2024-12-06,EUR,90.7,91.7,Наличные,Оптима,
531.0,2024-12-06,RUB,0.825,0.855,Наличные,Оптима,
532.0,2024-12-06,USD,86.65,87.05,Безналичные,Оптима,
533.0,2024-12-06,KZT,0.116,0.182,Безналичные,Оптима,
534.0,2024-12-06,EUR,90.7,91.7,Безналичные,Оптима,
535.0,2024-12-06,RUB,0.8,0.88,Безналичные,Оптима,
536.0,2024-12-07,USD,86.85,87.35,Наличные,Оптима,
537.0,2024-12-07,KZT,0.116,0.182,Наличные,Оптима,
538.0,2024-12-07,EUR,90.7,91.7,Наличные,Оптима,
539.0,2024-12-07,RUB,0.825,0.855,Наличные,Оптима,
540.0,2024-12-07,USD,86.65,87.05,Безналичные,Оптима,
541.0,2024-12-07,KZT,0.116,0.182,Безналичные,Оптима,
542.0,2024-12-07,EUR,90.7,91.7,Безналичные,Оптима,
543.0,2024-12-07,RUB,0.8,0.88,Безналичные,Оптима,
544.0,2024-12-08,USD,86.85,87.35,Наличные,Оптима,
545.0,2024-12-08,KZT,0.116,0.182,Наличные,Оптима,
546.0,2024-12-08,EUR,90.7,91.7,Наличные,Оптима,
547.0,2024-12-08,RUB,0.825,0.855,Наличные,Оптима,
548.0,2024-12-08,USD,86.65,87.05,Безналичные,Оптима,
549.0,2024-12-08,KZT,0.116,0.182,Безналичные,Оптима,
550.0,2024-12-08,EUR,90.7,91.7,Безналичные,Оптима,
551.0,2024-12-08,RUB,0.8,0.88,Безналичные,Оптима,
552.0,2024-12-09,USD,86.85,87.35,Наличные,Оптима,
553.0,2024-12-09,KZT,0.116,0.182,Наличные,Оптима,
554.0,2024-12-09,EUR,90.7,91.7,Наличные,Оптима,
555.0,2024-12-09,RUB,0.825,0.855,Наличные,Оптима,
556.0,2024-12-09,USD,86.65,87.05,Безналичные,Оптима,
557.0,2024-12-09,KZT,0.116,0.182,Безналичные,Оптима,
558.0,2024-12-09,EUR,90.7,91.7,Безналичные,Оптима,
559.0,2024-12-09,RUB,0.8,0.88,Безналичные,Оптима,
560.0,2024-12-10,USD,86.85,87.35,Наличные,Оптима,
561.0,2024-12-10,KZT,0.116,0.182,Наличные,Оптима,
562.0,2024-12-10,EUR,90.7,91.7,Наличные,Оптима,
563.0,2024-12-10,RUB,0.825,0.855,Наличные,Оптима,
564.0,2024-12-10,USD,86.65,87.05,Безналичные,Оптима,
565.0,2024-12-10,KZT,0.116,0.182,Безналичные,Оптима,
566.0,2024-12-10,EUR,90.7,91.7,Безналичные,Оптима,
567.0,2024-12-10,RUB,0.8,0.88,Безналичные,Оптима,
568.0,2024-12-11,USD,86.85,87.35,Наличные,Оптима,
569.0,2024-12-11,KZT,0.116,0.182,Наличные,Оптима,
570.0,2024-12-11,EUR,90.7,91.7,Наличные,Оптима,
571.0,2024-12-11,RUB,0.825,0.855,Наличные,Оптима,
572.0,2024-12-11,USD,86.65,87.05,Безналичные,Оптима,
573.0,2024-12-11,KZT,0.116,0.182,Безналичные,Оптима,
574.0,2024-12-11,EUR,90.7,91.7,Безналичные,Оптима,
575.0,2024-12-11,RUB,0.8,0.88,Безналичные,Оптима,
576.0,2024-12-12,USD,86.85,87.35,Наличные,Оптима,
577.0,2024-12-12,KZT,0.116,0.182,Наличные,Оптима,
578.0,2024-12-12,EUR,90.7,91.7,Наличные,Оптима,
579.0,2024-12-12,RUB,0.825,0.855,Наличные,Оптима,
580.0,2024-12-12,USD,86.65,87.05,Безналичные,Оптима,
581.0,2024-12-12,KZT,0.116,0.182,Безналичные,Оптима,
582.0,2024-12-12,EUR,90.7,91.7,Безналичные,Оптима,
583.0,2024-12-12,RUB,0.8,0.88,Безналичные,Оптима,
584.0,2024-12-13,USD,86.85,87.35,Наличные,Оптима,
585.0,2024-12-13,KZT,0.116,0.182,Наличные,Оптима,
586.0,2024-12-13,EUR,90.7,91.7,Наличные,Оптима,
587.0,2024-12-13,RUB,0.825,0.855,Наличные,Оптима,
588.0,2024-12-13,USD,86.65,87.05,Безналичные,Оптима,
589.0,2024-12-13,KZT,0.116,0.182,Безналичные,Оптима,
590.0,2024-12-13,EUR,90.7,91.7,Безналичные,Оптима,
591.0,2024-12-13,RUB,0.8,0.88,Безналичные,Оптима,
592.0,2024-12-14,USD,86.85,87.35,Наличные,Оптима,
593.0,2024-12-14,KZT,0.116,0.182,Наличные,Оптима,
594.0,2024-12-15,USD,86.85,87.35,Наличные,Оптима,594.0
595.0,2024-12-15,EUR,90.7,91.7,Наличные,Оптима,595.0
596.0,2024-12-15,KZT,0.116,0.182,Наличные,Оптима,596.0
597.0,2024-12-15,RUB,0.825,0.855,Наличные,Оптима,597.0
598.0,2024-12-15,USD,86.65,87.05,Безналичные,Оптима,598.0
599.0,2024-12-15,EUR,90.7,91.7,Безналичные,Оптима,599.0
600.0,2024-12-15,KZT,0.116,0.182,Безналичные,Оптима,600.0
601.0,2024-12-15,RUB,0.8,0.88,Безналичные,Оптима,601.0
,2024-12-17,USD,86.8500,87.3500,Наличные,Оптима,602.0
,2024-12-17,EUR,91.0000,92.0000,Наличные,Оптима,603.0
,2024-12-17,KZT,0.1160,0.1820,Наличные,Оптима,604.0
,2024-12-17,RUB,0.8300,0.8600,Наличные,Оптима,605.0
,2024-12-17,USD,86.6500,87.0500,Безналичные,Оптима,606.0
,2024-12-17,EUR,91.2000,92.2000,Безналичные,Оптима,607.0
,2024-12-17,KZT,0.1160,0.1820,Безналичные,Оптима,608.0
,2024-12-17,RUB,0.8000,0.8800,Безналичные,Оптима,609.0
